{
  "Total" : {
    "transaction" : "Total",
    "sampleCount" : 40,
    "errorCount" : 1,
    "errorPct" : 2.5,
    "meanResTime" : 39366.09999999999,
    "medianResTime" : 33587.5,
    "minResTime" : 9523.0,
    "maxResTime" : 160578.0,
    "pct1ResTime" : 67475.3,
    "pct2ResTime" : 77197.19999999995,
    "pct3ResTime" : 160578.0,
    "throughput" : 0.21192838939722267,
    "receivedKBytesPerSec" : 153.11061411880175,
    "sentKBytesPerSec" : 0.023003750470216116
  },
  "HTTP Request" : {
    "transaction" : "HTTP Request",
    "sampleCount" : 40,
    "errorCount" : 1,
    "errorPct" : 2.5,
    "meanResTime" : 39366.09999999999,
    "medianResTime" : 33587.5,
    "minResTime" : 9523.0,
    "maxResTime" : 160578.0,
    "pct1ResTime" : 67475.3,
    "pct2ResTime" : 77197.19999999995,
    "pct3ResTime" : 160578.0,
    "throughput" : 0.21192838939722267,
    "receivedKBytesPerSec" : 153.11061411880175,
    "sentKBytesPerSec" : 0.023003750470216116
  }
}